id_ext,name,email,role,group_id
5000000000001,Emanuel Britez,emanuel.britez@soporte.com,Agente Soporte,1.0
5000000000002,Laura Fernandez,laura.fernandez@soporte.com,Agente Senior,2.0
5000000000003,Marcos Diaz,marcos.diaz@soporte.com,Team Lead,3.0
5000000000004,Valentina Rios,valentina.rios@soporte.com,Agente Soporte,4.0
5000000000005,Julian Perez,julian.perez@soporte.com,Agente Senior,5.0
5000000000006,Camila Suarez,camila.suarez@soporte.com,Agente Soporte,6.0
5000000000007,Diego Herrera,diego.herrera@soporte.com,Agente Senior,1.0
5000000000008,Sofia Molina,sofia.molina@soporte.com,Agente Soporte,2.0
5000000000009,Andres Castro,andres.castro@soporte.com,Agente Soporte,3.0
5000000000010,Paula Gimenez,paula.gimenez@soporte.com,Agente Soporte,4.0
5000000000011,Mateo Salas,mateo.salas@soporte.com,Agente Soporte,5.0
5000000000012,Renata Vega,renata.vega@soporte.com,Agente Senior,6.0
5000000000013,Nicolas Rojas,nicolas.rojas@soporte.com,Agente Soporte,1.0
5000000000014,Isabela Cruz,isabela.cruz@soporte.com,Agente Soporte,2.0
5000000000015,Tomas Navarro,tomas.navarro@soporte.com,Agente Soporte,3.0
2000000000001,Bárbara Prat Asensio,burgospio@example.net,Cliente,
2000000000002,Wálter Vera Garmendia,boixtono@example.com,Cliente,
2000000000003,Dionisio Botella Rodriguez,casalsjacinto@example.net,Cliente,
2000000000004,Ana Puente-Ayala,arturocanas@example.com,Cliente,
2000000000005,Bienvenida Carranza Mendez,cristianexposito@example.com,Cliente,
2000000000006,Leocadio Barros Barreda,anabelroma@example.com,Cliente,
2000000000007,Marisol Santana Pardo,jose-ramon23@example.org,Cliente,
2000000000008,Emperatriz Zapata-Uría,luisina74@example.net,Cliente,
2000000000009,Benigno Vigil Ripoll,maritanogues@example.org,Cliente,
2000000000010,Ignacia Ariza Berenguer,noe59@example.com,Cliente,
2000000000011,Rosalva Sastre-Bayona,lermaainoa@example.net,Cliente,
2000000000012,Américo Menendez Salinas,lilia65@example.org,Cliente,
2000000000013,Felicidad Diéguez Caro,nbarral@example.com,Cliente,
2000000000014,Rafael Huguet Puga,fvalderrama@example.org,Cliente,
2000000000015,Gracia Lobo Cerro,tlopez@example.com,Cliente,
2000000000016,Nilda Pintor Gual,celestinoecheverria@example.org,Cliente,
2000000000017,Narciso de Albero,qesparza@example.com,Cliente,
2000000000018,Camilo Rius Peiró,edgardo89@example.net,Cliente,
2000000000019,Javier Poza Puig,gprado@example.com,Cliente,
2000000000020,Ana Farré Bautista,valerocamara@example.org,Cliente,
2000000000021,María Carmen Badía Calatayud,corbachobrunilda@example.org,Cliente,
2000000000022,María Luisa Amigó Bejarano,encarnapenalver@example.org,Cliente,
2000000000023,Fulgencio Pascual-Sánchez,carlosreina@example.com,Cliente,
2000000000024,Julia Tomás Mesa,coboscristian@example.net,Cliente,
2000000000025,Perla Landa Tejero,ascensionalvarado@example.org,Cliente,
2000000000026,Fidela Collado,alvarezmarc@example.net,Cliente,
2000000000027,Pablo Julián Villegas,violeta25@example.org,Cliente,
2000000000028,Macarena del Gisbert,noeliaheras@example.com,Cliente,
2000000000029,Cornelio del Pagès,anayamorena@example.com,Cliente,
2000000000030,Dora Ferrer Ocaña,xolmedo@example.org,Cliente,
2000000000031,Aurelio de Soriano,nicolasfuente@example.com,Cliente,
2000000000032,Ximena María Jesús Abellán Tello,nerea11@example.com,Cliente,
2000000000033,Jorge Escalona,fmarquez@example.net,Cliente,
2000000000034,Jordana Querol Blazquez,franciscocastejon@example.org,Cliente,
2000000000035,Manolo Solana Coll,jordonez@example.net,Cliente,
2000000000036,Benigna de Alcaraz,zuritamaribel@example.org,Cliente,
2000000000037,Trini Ferreras Galván,infanteiban@example.com,Cliente,
2000000000038,Dalila Moreno,candelas62@example.org,Cliente,
2000000000039,Viviana Sedano Villanueva,ivalls@example.net,Cliente,
2000000000040,Juan Francisco Vicens Alfonso,mespanol@example.org,Cliente,
2000000000041,Chema Cid Sáenz,barriomaximo@example.net,Cliente,
2000000000042,Luisa Tolosa,barberajose-ramon@example.org,Cliente,
2000000000043,Alfonso Cabañas-Vera,wanaya@example.org,Cliente,
2000000000044,Eufemia Vega Vigil,jimenalluch@example.com,Cliente,
2000000000045,Luna Tejera,jovitazabala@example.com,Cliente,
2000000000046,Virginia de Salvà,sigfridocarro@example.com,Cliente,
2000000000047,Estela Belmonte Hernandez,nbeltran@example.net,Cliente,
2000000000048,Ruben Benjamín Cortes Paz,jose-luiscervantes@example.com,Cliente,
2000000000049,Raúl de Puig,qcanovas@example.org,Cliente,
2000000000050,Patricio Rosado Villalba,anicolau@example.org,Cliente,
2000000000051,Esther Briones Paz,neiracasandra@example.com,Cliente,
2000000000052,Ofelia Alfaro Planas,asuncion94@example.net,Cliente,
2000000000053,Basilio Granados Calvo,laralalo@example.org,Cliente,
2000000000054,Elpidio Castilla Roca,santiago28@example.net,Cliente,
2000000000055,Leocadia Morillo-Borrás,baudelio26@example.org,Cliente,
2000000000056,Adán Borrego-Juliá,gironbonifacio@example.com,Cliente,
2000000000057,Javi Alberdi Nicolau,nleal@example.org,Cliente,
2000000000058,Juan José Gómez Canals,juan-franciscoayuso@example.org,Cliente,
2000000000059,Fabricio Mayol,luis-miguelsalinas@example.net,Cliente,
2000000000060,Elpidio Oliver Alfaro,angelino00@example.net,Cliente,
2000000000061,Mamen Falcó,choyos@example.org,Cliente,
2000000000062,Máxima Uría Pozuelo,javiera33@example.com,Cliente,
2000000000063,Sigfrido Chaves,dolivera@example.org,Cliente,
2000000000064,Andrés Felipe Jaume Rosa,bartolomeblazquez@example.net,Cliente,
2000000000065,Tomasa Velasco Luján,jimenamarcos@example.org,Cliente,
2000000000066,Catalina Criado Leiva,qacevedo@example.com,Cliente,
2000000000067,Maite Morales Hidalgo,mendozaisaias@example.com,Cliente,
2000000000068,Aarón Naranjo Pizarro,taboadaleon@example.net,Cliente,
2000000000069,Edelmiro Vargas,boujuan-luis@example.org,Cliente,
2000000000070,Heraclio Arnaiz Prada,marimarco@example.net,Cliente,
2000000000071,Aristides de Porras,lola72@example.com,Cliente,
2000000000072,Milagros Blanca Arranz Vilalta,ivega@example.net,Cliente,
2000000000073,Mariana Alcázar,cheanguita@example.org,Cliente,
2000000000074,Melchor Palomo Calvo,jsanmiguel@example.org,Cliente,
2000000000075,Matías Hidalgo Tovar,abraham71@example.net,Cliente,
2000000000076,Viviana Briones,saezjose-antonio@example.org,Cliente,
2000000000077,Desiderio Fuertes-Gual,yuribe@example.org,Cliente,
2000000000078,Zaida Madrigal Artigas,casemirocolom@example.com,Cliente,
2000000000079,Máximo Mayo-Cañellas,toledobenjamin@example.com,Cliente,
2000000000080,Nicodemo Cabezas-Gelabert,tmanso@example.net,Cliente,
2000000000081,Jesús Joan Soler Carrasco,mateoboada@example.com,Cliente,
2000000000082,Espiridión Segarra Benito,yleiva@example.org,Cliente,
2000000000083,Anselmo Bosch,marianazamora@example.com,Cliente,
2000000000084,Benigna Verdugo Losa,patinojeronimo@example.com,Cliente,
2000000000085,Georgina Amat Cuenca,turisa@example.com,Cliente,
2000000000086,Encarna Chico Rico,renato51@example.com,Cliente,
2000000000087,Fermín Neira Puig,ferranleyre@example.org,Cliente,
2000000000088,Edmundo Gilberto Bas Pozo,xbenito@example.com,Cliente,
2000000000089,Teófilo Asensio-Lozano,aznarperlita@example.net,Cliente,
2000000000090,Maximino Carlito Ibañez Larrañaga,uvicente@example.org,Cliente,
2000000000091,Rita Roman Andres,ufrutos@example.org,Cliente,
2000000000092,Pío Reig Sanmartín,fidelamacias@example.com,Cliente,
2000000000093,Xavier Castejón Donaire,vribera@example.com,Cliente,
2000000000094,Edu Rafael Juan Ramis,marcialtomas@example.net,Cliente,
2000000000095,Azeneth Diego Cáceres,galianoangelita@example.com,Cliente,
2000000000096,Constanza del Méndez,iroma@example.net,Cliente,
2000000000097,Domingo Botella,octaviobou@example.com,Cliente,
2000000000098,Gerónimo del Franch,reyrodolfo@example.com,Cliente,
2000000000099,Clementina Peñas,nilo07@example.com,Cliente,
2000000000100,Fernanda Casas-Vaquero,cirinolinares@example.org,Cliente,
2000000000101,Gloria Salmerón Rosales,reina02@example.org,Cliente,
2000000000102,Olimpia Sáenz Trillo,beltranrosendo@example.net,Cliente,
2000000000103,Jacinta Hurtado Canales,fabiancornejo@example.net,Cliente,
2000000000104,Seve Sebastián Blázquez,abellamicaela@example.org,Cliente,
2000000000105,Lucas de Mateu,eugeniainfante@example.net,Cliente,
2000000000106,Octavia Caparrós Cabezas,masbeatriz@example.net,Cliente,
2000000000107,Guillermo Julián,morenaabella@example.org,Cliente,
2000000000108,Encarna del Lopez,filomena37@example.net,Cliente,
2000000000109,Leocadio de Andres,dmelendez@example.org,Cliente,
2000000000110,Josep Rivera,jimenezjavier@example.net,Cliente,
2000000000111,Ángela Pellicer González,saragon@example.com,Cliente,
2000000000112,Fidela Prieto Figuerola,manzanomamen@example.net,Cliente,
2000000000113,Cristian Valcárcel Fonseca,maria-dolores33@example.com,Cliente,
2000000000114,Eligio del Canales,oexposito@example.com,Cliente,
2000000000115,Zaida Barbero Coll,nballester@example.org,Cliente,
2000000000116,Bibiana Herminia Azorin Barrena,rubensancho@example.net,Cliente,
2000000000117,Paula Carbajo Bernad,narcisofarre@example.org,Cliente,
2000000000118,Piedad Solsona,mesagraciana@example.net,Cliente,
2000000000119,Sofía Pereira Mármol,gdominguez@example.org,Cliente,
2000000000120,Enrique Berrocal Ortega,jcasals@example.org,Cliente,
2000000000121,Felipa Mendizábal Rosell,avilesjulieta@example.com,Cliente,
2000000000122,Gilberto Salom,moisespascual@example.net,Cliente,
2000000000123,Ale Reig Huguet,yarmas@example.org,Cliente,
2000000000124,Ana Belén Barrio Jimenez,marianabarros@example.net,Cliente,
2000000000125,Fidela Lladó Naranjo,juarezmargarita@example.net,Cliente,
2000000000126,Ángela Llorens Martorell,basamado@example.org,Cliente,
2000000000127,Jordán Solana Pomares,xiomara67@example.org,Cliente,
2000000000128,Casandra Aguirre Mateos,elviraguzman@example.com,Cliente,
2000000000129,Jimena Paredes Bermúdez,rubencuesta@example.org,Cliente,
2000000000130,Ana Sofía Aragón Tirado,felipe61@example.org,Cliente,
2000000000131,Mateo Blasco-Galindo,robledoandrea@example.net,Cliente,
2000000000132,Carmela Guillén Cañas,nserna@example.net,Cliente,
2000000000133,Raúl de Marin,lino94@example.com,Cliente,
2000000000134,Rafa Juliá-Flor,lhuertas@example.org,Cliente,
2000000000135,Carmelo del Fabra,berto64@example.org,Cliente,
2000000000136,Lucila Guardia,simoangelino@example.org,Cliente,
2000000000137,Jordán Guardia Sanabria,apolinar43@example.org,Cliente,
2000000000138,Claudio Ferrera Benavides,ariel27@example.net,Cliente,
2000000000139,Roldán Aguado-Camacho,isaac05@example.com,Cliente,
2000000000140,Alfredo Frías Jara,frutosofelia@example.org,Cliente,
2000000000141,Guadalupe Peral Esteve,casemiro30@example.com,Cliente,
2000000000142,Julie de Raya,pratsgracia@example.net,Cliente,
2000000000143,Miguel Bou Céspedes,alinares@example.com,Cliente,
2000000000144,Horacio Amancio Miguel Palau,brico@example.com,Cliente,
2000000000145,Gustavo Quirós,adolforovira@example.org,Cliente,
2000000000146,Aurora Botella Ramis,edgar22@example.org,Cliente,
2000000000147,Leoncio Cisneros Puente,pelaezmaite@example.net,Cliente,
2000000000148,Camilo Oliveras Luque,azaharduarte@example.org,Cliente,
2000000000149,Gregorio Trujillo Figueroa,edmundo07@example.com,Cliente,
2000000000150,Marco Pons Boix,felicidadgirona@example.net,Cliente,
2000000000151,María Luisa Ferrández Suárez,claragibert@example.org,Cliente,
2000000000152,Lorenza Crespi Pla,duilio23@example.net,Cliente,
2000000000153,Alfonso Arenas,desiderio69@example.com,Cliente,
2000000000154,Susana del Rivera,dafne36@example.com,Cliente,
2000000000155,Itziar Vara Ríos,alonsoacevedo@example.net,Cliente,
2000000000156,Josefa Gutierrez Salvador,zescobar@example.com,Cliente,
2000000000157,Ascensión Bautista Castells,tito51@example.com,Cliente,
2000000000158,Lina Armas,castillocelestino@example.net,Cliente,
2000000000159,Reyes Vidal Bernal,varelateresa@example.com,Cliente,
2000000000160,Albert Batalla Canals,eleuteriotellez@example.com,Cliente,
2000000000161,Olegario Giner Bastida,emiliana42@example.com,Cliente,
2000000000162,Eli Yolanda Sastre Cobo,ani73@example.net,Cliente,
2000000000163,Mario Velasco-Gámez,ramon03@example.org,Cliente,
2000000000164,Candelaria Lobo Mosquera,ydomingo@example.com,Cliente,
2000000000165,Rodrigo Atienza Palomares,lvazquez@example.net,Cliente,
2000000000166,Edmundo Prado Pera,remigio59@example.org,Cliente,
2000000000167,Eusebia Bertrán Salamanca,gabrielasensio@example.com,Cliente,
2000000000168,Dolores Menéndez,luz00@example.org,Cliente,
2000000000169,Espiridión Rosell Rios,teresita02@example.com,Cliente,
2000000000170,Mariano de Alonso,acedoclaudia@example.com,Cliente,
2000000000171,Balduino Juan Carlos Palau Gomez,lmascaro@example.org,Cliente,
2000000000172,Gervasio Taboada,eloyalcala@example.org,Cliente,
2000000000173,Jafet Báez Bartolomé,salomelerma@example.com,Cliente,
2000000000174,Adelardo Barba-Ordóñez,uvillaverde@example.com,Cliente,
2000000000175,Celestino de Arregui,amayasantiago@example.org,Cliente,
2000000000176,Cebrián de Calvo,figueraserasmo@example.com,Cliente,
2000000000177,Juan Antonio Vendrell,gdiaz@example.com,Cliente,
2000000000178,Eutimio Atienza Tejedor,perezrafaela@example.com,Cliente,
2000000000179,Anita Santamaria Echevarría,cruzjurado@example.org,Cliente,
2000000000180,Bernabé Narváez Lago,larranagafanny@example.net,Cliente,
2000000000181,Noelia Zabala Lara,felisa31@example.net,Cliente,
2000000000182,Cesar Juliá Guzman,felicianomorillo@example.org,Cliente,
2000000000183,Eulalia Haro Pino,hsuarez@example.net,Cliente,
2000000000184,Timoteo Amor Ruiz,concepcionmena@example.org,Cliente,
2000000000185,María Ángeles Bermejo Duarte,anacletoamores@example.org,Cliente,
2000000000186,María Cáceres Ochoa,juanitaandrade@example.org,Cliente,
2000000000187,Bruno Arnau Bauzà,bastidarocio@example.net,Cliente,
2000000000188,Chus Batalla Plana,hozhernan@example.org,Cliente,
2000000000189,Ale Aramburu Bonilla,albina12@example.org,Cliente,
2000000000190,Eugenio Montaña,teo40@example.com,Cliente,
2000000000191,Epifanio Atienza-Pedro,maria-jose98@example.com,Cliente,
2000000000192,Martin Ramón Anguita Rey,rubioaurelia@example.org,Cliente,
2000000000193,José Asensio Gascón,madrigalfrancisco@example.com,Cliente,
2000000000194,Juan Francisco Franch Maldonado,acostapablo@example.com,Cliente,
2000000000195,Jose Luis Espinosa Urrutia,paz84@example.net,Cliente,
2000000000196,Erasmo Garmendia Guardiola,hdaza@example.net,Cliente,
2000000000197,Jose Luis Calvo Morera,claudio66@example.net,Cliente,
2000000000198,Héctor Amaya Peral,marciolago@example.com,Cliente,
2000000000199,Leyre de Pinilla,edgarcastaneda@example.net,Cliente,
2000000000200,Priscila Noemí Aragón Olivé,azahara27@example.net,Cliente,
2000000000201,Perla del Doménech,srodenas@example.com,Cliente,
2000000000202,Cristina Cases-Múñiz,ggarate@example.org,Cliente,
2000000000203,Eutropio Cortes-Costa,loretomorera@example.net,Cliente,
2000000000204,Febe Cuevas,naciofajardo@example.com,Cliente,
2000000000205,Celestino Cal Ferrán,jcorbacho@example.com,Cliente,
2000000000206,Isaac Emigdio Ferrández Canales,lucashilario@example.com,Cliente,
2000000000207,Alexandra Alberola Pujol,ggiron@example.net,Cliente,
2000000000208,Jesús Aitor Cifuentes Jimenez,vadan@example.org,Cliente,
2000000000209,Odalis Robledo Granados,irisescudero@example.net,Cliente,
2000000000210,Javi Rosell Millán,eusebia16@example.org,Cliente,
2000000000211,Oriana Crespi Ibáñez,dtolosa@example.org,Cliente,
2000000000212,Tecla Guadalupe Villegas España,mayte06@example.com,Cliente,
2000000000213,Alejo Iglesias Gibert,liliafolch@example.net,Cliente,
2000000000214,Armida Saura Fuentes,bvigil@example.net,Cliente,
2000000000215,Lourdes Novoa Reguera,rgallo@example.org,Cliente,
2000000000216,Lola Carvajal Pagès,iriarteleocadio@example.com,Cliente,
2000000000217,Ana Alcalde Benavides,orivero@example.net,Cliente,
2000000000218,Marisa Lara Canales,marcioperez@example.net,Cliente,
2000000000219,Salvador del Sevilla,fidelcastello@example.org,Cliente,
2000000000220,Joel Gonzalez,patricioreyes@example.com,Cliente,
2000000000221,Ricardo Leocadio Casares Soria,miguela34@example.net,Cliente,
2000000000222,Noelia Izaguirre Rojas,almaacedo@example.net,Cliente,
2000000000223,Gastón Hierro-Matas,alexandra76@example.net,Cliente,
2000000000224,Narciso Pareja Corominas,ricarda60@example.org,Cliente,
2000000000225,Yolanda Morata-Checa,evita90@example.net,Cliente,
2000000000226,Cruz Bello Marcos,ema19@example.org,Cliente,
2000000000227,Ciro del Olivares,horacioquevedo@example.net,Cliente,
2000000000228,Marcos Botella Martinez,ana-belengarces@example.net,Cliente,
2000000000229,Raimundo Ródenas Caro,lamassimon@example.org,Cliente,
2000000000230,Jordi Ureña Barragán,jsolera@example.net,Cliente,
2000000000231,Delia Valentín Cózar,cuetopriscila@example.com,Cliente,
2000000000232,Obdulia Valenciano Martin,bperera@example.com,Cliente,
2000000000233,Cipriano Palomo Andrade,arroyoisabel@example.net,Cliente,
2000000000234,Rufina Burgos Vicens,wtormo@example.org,Cliente,
2000000000235,Custodio Ricart Castañeda,ciriaco55@example.com,Cliente,
2000000000236,Manola Galvez,trinidad56@example.com,Cliente,
2000000000237,Amaya del Marco,pastora76@example.com,Cliente,
2000000000238,Elena Velázquez,herminio71@example.com,Cliente,
2000000000239,Federico Martínez,deliabonilla@example.org,Cliente,
2000000000240,Paloma Ramis Ayala,gmas@example.org,Cliente,
2000000000241,Claudio Taboada Barrena,ocolom@example.net,Cliente,
2000000000242,Valentina Nieves Blanch Garcia,secoeufemia@example.org,Cliente,
2000000000243,Natanael Escudero Arco,pcabrero@example.org,Cliente,
2000000000244,Trini Chamorro Mendoza,rosalia42@example.com,Cliente,
2000000000245,Feliciano Almagro Rosa,valencianoclementina@example.net,Cliente,
2000000000246,Seve Carrera Robledo,esalom@example.org,Cliente,
2000000000247,Martirio Cortés Talavera,fcal@example.net,Cliente,
2000000000248,Cloe Cordero Alcántara,aacuna@example.net,Cliente,
2000000000249,Timoteo Borja Gibert,castelloagustina@example.org,Cliente,
2000000000250,Plácido Herrera-Sanmartín,agataayllon@example.com,Cliente,
2000000000251,Pánfilo Blasco Marcos,qserna@example.com,Cliente,
2000000000252,Plinio Antón Alberdi,alcoleasol@example.net,Cliente,
2000000000253,Ani Gema Merino Miguel,rosalindatorrecilla@example.net,Cliente,
2000000000254,Fausto Pedrero Ródenas,jdelgado@example.org,Cliente,
2000000000255,Mireia Céspedes Rios,xpol@example.com,Cliente,
2000000000256,Ruben Múgica-Manzano,benjamin99@example.com,Cliente,
2000000000257,Paola Adoración Corbacho Mendizábal,yhoz@example.com,Cliente,
2000000000258,María Cristina Guillén Sanmiguel,jennifer05@example.com,Cliente,
2000000000259,Héctor Criado-Arnal,perla29@example.org,Cliente,
2000000000260,Teodoro Valero-Oliver,tormonayara@example.com,Cliente,
2000000000261,Rufino Guillén,elvira06@example.com,Cliente,
2000000000262,Edu Agustí,isegura@example.org,Cliente,
2000000000263,Rosenda del Barros,romulovazquez@example.com,Cliente,
2000000000264,Estrella Tapia,gonzalogarcia@example.org,Cliente,
2000000000265,Cipriano Manjón Parejo,samuel82@example.org,Cliente,
2000000000266,Íñigo Uriarte Perelló,peralevelia@example.com,Cliente,
2000000000267,Casemiro Moles Anglada,lisandro89@example.org,Cliente,
2000000000268,Ale Fuentes Torre,juan-carloslosada@example.com,Cliente,
2000000000269,Jacinto Castro Izquierdo,nevadoherberto@example.org,Cliente,
2000000000270,Anna Amorós Azcona,pelayosabina@example.net,Cliente,
2000000000271,Lara Baró Puerta,boschjose-angel@example.com,Cliente,
2000000000272,Cruz Borrás-Velázquez,cespana@example.org,Cliente,
2000000000273,Custodia Girona Dueñas,jaenpastor@example.org,Cliente,
2000000000274,Yolanda de Arévalo,miriam87@example.org,Cliente,
2000000000275,Camilo Moll Adán,inesmartin@example.net,Cliente,
2000000000276,Isabela Calzada-Sotelo,ramiro46@example.org,Cliente,
2000000000277,Juliana Pino Domingo,zgomez@example.org,Cliente,
2000000000278,Joaquín Ferrero Araujo,aureagimenez@example.org,Cliente,
2000000000279,Teresita Florentina Chaves Salvador,plazapurificacion@example.org,Cliente,
2000000000280,Jaime Nicolás Mora,albinacarlos@example.net,Cliente,
2000000000281,Bienvenida Mármol Giralt,escribanoleyre@example.com,Cliente,
2000000000282,Vilma de Saavedra,juan-pabloripoll@example.com,Cliente,
2000000000283,Casemiro de Linares,nicanor24@example.com,Cliente,
2000000000284,Federico Sastre Tolosa,corralarmida@example.org,Cliente,
2000000000285,Lino Tejada,dimas43@example.com,Cliente,
2000000000286,Dorita Gómez Gárate,porteroluis-miguel@example.com,Cliente,
2000000000287,Ambrosio Marin Cobos,salamancanoemi@example.net,Cliente,
2000000000288,Lina Checa Salazar,zuritaluciano@example.org,Cliente,
2000000000289,Irma Armas Rebollo,leonelescriva@example.org,Cliente,
2000000000290,Juan Carlos Grau Echevarría,elianabernad@example.org,Cliente,
2000000000291,Patricia Leocadia Llanos Echevarría,emigdiofernandez@example.net,Cliente,
2000000000292,Cosme Adelardo Bastida Vizcaíno,hbaquero@example.com,Cliente,
2000000000293,Elisabet Ureña Bosch,reciovisitacion@example.com,Cliente,
2000000000294,Tristán Larrea Hurtado,chuspedraza@example.org,Cliente,
2000000000295,Pascual Pera Acuña,aurora78@example.org,Cliente,
2000000000296,Gaspar Hierro Montesinos,sbarriga@example.org,Cliente,
2000000000297,Itziar Vilanova Amigó,alfonsohervia@example.org,Cliente,
2000000000298,Martin de Diez,mesajosue@example.net,Cliente,
2000000000299,Agapito Bárcena Ferrero,alejandro99@example.com,Cliente,
2000000000300,Dafne Saldaña,orozcoruth@example.org,Cliente,
2000000000301,Alonso Llano Casal,luriarte@example.net,Cliente,
2000000000302,Bartolomé Carro-Carrión,icerro@example.net,Cliente,
2000000000303,Tito de Colom,kpuente@example.org,Cliente,
2000000000304,Nélida Rivero Zaragoza,priegobaldomero@example.com,Cliente,
2000000000305,Gracia Hernandez Naranjo,zmontes@example.net,Cliente,
2000000000306,Fermín Villar Collado,josep60@example.com,Cliente,
2000000000307,Juan Manuel Exposito Bayón,toribio38@example.net,Cliente,
2000000000308,Daniel Chaparro Rivero,osantiago@example.org,Cliente,
2000000000309,Ale Larrañaga Llano,cabrerajosue@example.org,Cliente,
2000000000310,Adora Roura,anibalmadrigal@example.org,Cliente,
2000000000311,Fulgencio Moisés Diaz Carreño,vilaplanavaleria@example.com,Cliente,
2000000000312,Joan Colomer Sacristán,vidaleleuterio@example.com,Cliente,
2000000000313,Maricruz Maldonado Lledó,magdalenabonilla@example.net,Cliente,
2000000000314,Elvira del Giralt,jfortuny@example.net,Cliente,
2000000000315,Jimena Mateos Tejedor,bmenendez@example.org,Cliente,
2000000000316,Consuela Fabregat Vila,aprieto@example.com,Cliente,
2000000000317,Tomás Gómez Morante,amparo44@example.org,Cliente,
2000000000318,Ambrosio Rolando Almeida Cuadrado,oliverasvalerio@example.net,Cliente,
2000000000319,Juan Pons Sabater,magdalena18@example.org,Cliente,
2000000000320,Horacio Navas Ortuño,imeldafrancisco@example.net,Cliente,
2000000000321,Susanita Eliana Villaverde Bustamante,yleiva@example.net,Cliente,
2000000000322,Hilario Calderón Acosta,fcarpio@example.com,Cliente,
2000000000323,Brígida Rios-Losa,pinoreyes@example.com,Cliente,
2000000000324,Elvira Osorio Marco,rosendo88@example.net,Cliente,
2000000000325,Miriam Montserrat Agudo,cpintor@example.com,Cliente,
2000000000326,Julio Mateu Coca,lpi@example.org,Cliente,
2000000000327,Segismundo Murillo Morante,maximofuente@example.com,Cliente,
2000000000328,Albert Asenjo Jerez,imarin@example.com,Cliente,
2000000000329,María Teresa del Villar,dporras@example.com,Cliente,
2000000000330,Manuel Ortega Santamaría,bayobeatriz@example.org,Cliente,
2000000000331,Hernando Perelló Valle,mcorrea@example.com,Cliente,
2000000000332,Gracia Sacristán Nuñez,donaireprimitivo@example.com,Cliente,
2000000000333,Angelita Mercader Vila,danmarino@example.net,Cliente,
2000000000334,Samanta Verdú Rivero,azucenamanjon@example.net,Cliente,
2000000000335,José Antonio Fabra,desparza@example.net,Cliente,
2000000000336,María Cristina Campillo-Osuna,reinaagustin@example.org,Cliente,
2000000000337,Pedro Onofre Acosta Mayo,lcabello@example.org,Cliente,
2000000000338,Clímaco Díez Valenciano,salome88@example.org,Cliente,
2000000000339,Chita Reig-Carrión,faustinovillegas@example.net,Cliente,
2000000000340,Alberto Cabrera Benitez,azenethtrujillo@example.com,Cliente,
2000000000341,Irene Rosenda Barrios Alberola,ernesto35@example.com,Cliente,
2000000000342,Alcides Lasa Cabezas,ollergregorio@example.com,Cliente,
2000000000343,Gabriela Ainara Ballester Gimeno,carranz@example.org,Cliente,
2000000000344,Dafne Diana Gisbert Arregui,dianaduran@example.com,Cliente,
2000000000345,Vinicio Sarabia Mateos,finiesta@example.org,Cliente,
2000000000346,Nilo del Giralt,zmendoza@example.net,Cliente,
2000000000347,Ainoa Hervia Bonilla,franciscopalma@example.com,Cliente,
2000000000348,Abraham Manso Prieto,dario58@example.com,Cliente,
2000000000349,Graciana Bastida Casal,jortega@example.org,Cliente,
2000000000350,Celestina Solera Luque,jordi60@example.com,Cliente,
2000000000351,Francisco Costa Herranz,cirinoferrandiz@example.com,Cliente,
2000000000352,Silvia de Salazar,kheredia@example.com,Cliente,
2000000000353,Concepción Quirós Peñas,manueltamarit@example.net,Cliente,
2000000000354,Danilo Santamaría,larajulian@example.net,Cliente,
2000000000355,Maristela Pedro Hoz,nviana@example.org,Cliente,
2000000000356,Norberto Vilalta Bravo,magdalena60@example.net,Cliente,
2000000000357,Blanca Mercader-Alcolea,sboix@example.org,Cliente,
2000000000358,Felipe de Canales,pardonoa@example.net,Cliente,
2000000000359,Clemente Anacleto Merino Borja,luiscases@example.net,Cliente,
2000000000360,Elisabet Pagès Quintanilla,rcatalan@example.org,Cliente,
2000000000361,Gervasio Ortega Revilla,sevillanojose-ramon@example.com,Cliente,
2000000000362,Yolanda Cabañas Espada,dario49@example.net,Cliente,
2000000000363,Pelayo de Quiroga,cacerestomas@example.org,Cliente,
2000000000364,Casemiro Goyo Ariza Mercader,claragoni@example.net,Cliente,
2000000000365,Otilia Viñas Iñiguez,aoller@example.org,Cliente,
2000000000366,Virgilio Alfonso Arévalo Hidalgo,arcosmaxima@example.com,Cliente,
2000000000367,Román Ojeda,rinconjordana@example.net,Cliente,
2000000000368,Piedad Giner Lucas,ollerteobaldo@example.com,Cliente,
2000000000369,Nydia Vaquero Santamaría,fustertiburcio@example.net,Cliente,
2000000000370,Soraya Castell,cfajardo@example.net,Cliente,
2000000000371,Dorita de Céspedes,candelariajulia@example.org,Cliente,
2000000000372,Cesar Pallarès Olivera,mbru@example.net,Cliente,
2000000000373,Bruno Borja Torrecilla Tolosa,julietaherranz@example.org,Cliente,
2000000000374,Nydia Salgado,felipaortega@example.net,Cliente,
2000000000375,Bonifacio Vasco Cifuentes Hernando,eva18@example.com,Cliente,
2000000000376,Nilo Cortina Serra,hfabregas@example.net,Cliente,
2000000000377,Adolfo Geraldo Torrecilla Fábregas,barrenateresita@example.com,Cliente,
2000000000378,Clímaco Bartolomé Mendizábal Samper,cuellarmoreno@example.com,Cliente,
2000000000379,Mariana Parejo Mancebo,ceciliabello@example.org,Cliente,
2000000000380,Joaquín Torralba Blanes,mamen94@example.org,Cliente,
2000000000381,Irma Torres Falcó,adan51@example.net,Cliente,
2000000000382,Mauricio Marino Iglesias Hoyos,chaconmariana@example.org,Cliente,
2000000000383,Roldán Prats Codina,quirino28@example.net,Cliente,
2000000000384,Aurelio Menéndez Morillo,pespinosa@example.com,Cliente,
2000000000385,Crescencia Pedrosa Cerezo,pilar43@example.org,Cliente,
2000000000386,Balduino Quintana Ayuso,ana-belenrocha@example.com,Cliente,
2000000000387,Eutimio Bernat Cifuentes,fernandochacon@example.com,Cliente,
2000000000388,Anunciación Ariño Sabater,nfarre@example.net,Cliente,
2000000000389,Abril Antón Vidal,sclemente@example.org,Cliente,
2000000000390,José Ángel Robledo Nevado,rodenasagapito@example.net,Cliente,
2000000000391,Vito Córdoba Pinedo,adalberto79@example.net,Cliente,
2000000000392,Margarita Ferrán Somoza,moralesasuncion@example.com,Cliente,
2000000000393,Luna Cortes Quero,barredaloreto@example.net,Cliente,
2000000000394,María Fernanda Martinez Robledo,alicia24@example.com,Cliente,
2000000000395,Vicenta Anaya,ivansalva@example.net,Cliente,
2000000000396,Candelario Peral Rico,benita39@example.com,Cliente,
2000000000397,Dorita Carbonell Gordillo,taniafranco@example.net,Cliente,
2000000000398,Dan Izaguirre Bustamante,bernardainfante@example.net,Cliente,
2000000000399,Corona Sedano Gonzalo,vilanovavirginia@example.net,Cliente,
2000000000400,Anita Raya-Beltrán,gcanizares@example.net,Cliente,
2000000000401,Oriana Carbó,seguipaulina@example.net,Cliente,
2000000000402,Macaria Donoso Feliu,ibuendia@example.com,Cliente,
2000000000403,Amparo Graciela Gálvez Arévalo,ariel09@example.org,Cliente,
2000000000404,Emperatriz Carreño Cerdá,nbonilla@example.org,Cliente,
2000000000405,Aurora Pacheco-Diéguez,marcia50@example.com,Cliente,
2000000000406,Dimas Peralta Vilalta,lorenza70@example.net,Cliente,
2000000000407,Armida Pagès Morán,aragonangela@example.net,Cliente,
2000000000408,Edu del Ferrando,lalmazan@example.com,Cliente,
2000000000409,Ruy Almansa Torrents,benaventnereida@example.com,Cliente,
2000000000410,Carlito Manjón Pintor,dionisiaibanez@example.net,Cliente,
2000000000411,Iván Alcalá-Amat,eutropio78@example.com,Cliente,
2000000000412,Salomón Aranda Benavente,estelapoza@example.com,Cliente,
2000000000413,Osvaldo Sanabria Pozuelo,saludvillanueva@example.org,Cliente,
2000000000414,Eulalia Álvarez Gascón,tere29@example.net,Cliente,
2000000000415,Curro Doménech Paniagua,kmunoz@example.com,Cliente,
2000000000416,Felicidad Miralles Aguado,cruz75@example.org,Cliente,
2000000000417,Edelmiro Segovia Arrieta,luciacobo@example.com,Cliente,
2000000000418,Elena Bartolomé Vall,pepe99@example.net,Cliente,
2000000000419,Berta Aragón-Bustos,maria-angelesrojas@example.net,Cliente,
2000000000420,Melisa Cabeza-Parejo,nadia32@example.net,Cliente,
2000000000421,Evaristo Noguera Pareja,panchoramis@example.com,Cliente,
2000000000422,Pastor Navas Moraleda,xvara@example.org,Cliente,
2000000000423,Félix de Cerdá,adriansantana@example.com,Cliente,
2000000000424,Gertrudis Mate Domingo,cobomarcial@example.net,Cliente,
2000000000425,Edmundo Prudencio Niño Beltrán,dalilabernal@example.net,Cliente,
2000000000426,Evaristo Osuna Solé,matilde61@example.com,Cliente,
2000000000427,Ximena Díez Llorens,carina02@example.net,Cliente,
2000000000428,Diego Almagro-Gil,pulidovictorino@example.org,Cliente,
2000000000429,Elisabet Teresa Valls Cabezas,jose-antoniobarbera@example.org,Cliente,
2000000000430,Amanda Ani Beltrán Nogueira,adelardofabra@example.com,Cliente,
2000000000431,Miguela de Moraleda,garaymodesto@example.com,Cliente,
2000000000432,Moreno Torre Ramirez,felix06@example.org,Cliente,
2000000000433,Matías Nadal Urrutia,djimenez@example.org,Cliente,
2000000000434,Óscar Moliner Millán,ribesencarna@example.net,Cliente,
2000000000435,Camila Bueno Alfonso,humbertoclavero@example.net,Cliente,
2000000000436,Gastón Pardo Rocha,barbara98@example.org,Cliente,
2000000000437,Maricela Eusebia Grau Jordá,xangulo@example.net,Cliente,
2000000000438,Máximo Rolando Santana Lobo,azeneth84@example.org,Cliente,
2000000000439,Adalberto Tamarit-Cabo,eutropio36@example.org,Cliente,
2000000000440,Mateo Cañete Carvajal,vallshernando@example.net,Cliente,
2000000000441,Efraín Pavón Company,sabinacaceres@example.net,Cliente,
2000000000442,Gabino Herrera Sala,ogarces@example.com,Cliente,
2000000000443,Jimena Garay Morante,camposgeorgina@example.net,Cliente,
2000000000444,Anacleto Querol Orozco,graciacintia@example.com,Cliente,
2000000000445,Yésica Peña Goicoechea,infantealfonso@example.com,Cliente,
2000000000446,Dalila Guardia Pablo,maximoroig@example.net,Cliente,
2000000000447,Eustaquio Valenzuela-Gascón,albinalastra@example.org,Cliente,
2000000000448,Epifanio Arsenio Muñoz Acosta,kiborra@example.com,Cliente,
2000000000449,María Jennifer Garay Azorin,renatapalomo@example.org,Cliente,
2000000000450,Casandra Royo Chaves,isidora01@example.org,Cliente,
2000000000451,Bonifacio Mate Contreras,cleto27@example.net,Cliente,
2000000000452,Apolonia Ribas Nicolás,cnarvaez@example.net,Cliente,
2000000000453,Cosme de Arellano,annaguardiola@example.net,Cliente,
2000000000454,Octavia Calvo Aller,molinerberto@example.org,Cliente,
2000000000455,Jose Francisco Cerdán Zaragoza,lacedo@example.org,Cliente,
2000000000456,Brunilda de Otero,wberenguer@example.org,Cliente,
2000000000457,Pío de Llano,albinolamas@example.com,Cliente,
2000000000458,Alfredo Ferrándiz Verdugo,rayamontserrat@example.net,Cliente,
2000000000459,Débora Alarcón Moreno,santiagocandelas@example.com,Cliente,
2000000000460,Eusebia del Leiva,uroca@example.net,Cliente,
2000000000461,Fátima Corbacho Pombo,zredondo@example.org,Cliente,
2000000000462,Dimas Vallejo Iñiguez,mhernando@example.net,Cliente,
2000000000463,Armando Aragonés Ayala,rmorata@example.net,Cliente,
2000000000464,Malena Moles Sarabia,saenzmargarita@example.net,Cliente,
2000000000465,Lina Noriega Pinto,palomapinedo@example.com,Cliente,
2000000000466,Haroldo Zorrilla Larrea,calixto83@example.net,Cliente,
2000000000467,Eleuterio Sáenz-Oliveras,jgiralt@example.org,Cliente,
2000000000468,Filomena Zamora,belendominguez@example.com,Cliente,
2000000000469,Nicodemo de Corominas,oelias@example.net,Cliente,
2000000000470,Felipe Piquer Pardo,acasado@example.org,Cliente,
2000000000471,Godofredo Calderon-Patiño,gloria88@example.com,Cliente,
2000000000472,Narcisa Borja Llopis,cmanrique@example.net,Cliente,
2000000000473,Jafet Tejera Díaz,adolfocastrillo@example.com,Cliente,
2000000000474,Loreto Gámez Peláez,nicolasa64@example.org,Cliente,
2000000000475,Chus de Jover,escalonamariano@example.net,Cliente,
2000000000476,Eli del Jaume,juan-manuelrios@example.org,Cliente,
2000000000477,Mercedes Uriarte,francheduardo@example.com,Cliente,
2000000000478,Martin Rosario Peral Arranz,xpena@example.org,Cliente,
2000000000479,Herminio Ildefonso Jerez Ortuño,rogeliocastilla@example.net,Cliente,
2000000000480,Teodosio Perales,frutosnarciso@example.org,Cliente,
2000000000481,Reyes Salinas Pino,azaragoza@example.com,Cliente,
2000000000482,Baltasar Sevillano Sevilla,eribera@example.org,Cliente,
2000000000483,Isidro Puga Tur,arielagusti@example.net,Cliente,
2000000000484,Raimundo de Querol,mariscalcasandra@example.com,Cliente,
2000000000485,Regina Segura Carranza,ginerregina@example.org,Cliente,
2000000000486,Salomé Alcántara-Cal,wborja@example.org,Cliente,
2000000000487,Jenny Ballesteros-Folch,almudena08@example.net,Cliente,
2000000000488,Soledad Checa Ramírez,coellomiguel-angel@example.com,Cliente,
2000000000489,Juan Antonio Aguado,barbarallobet@example.net,Cliente,
2000000000490,Armando Millán-Pla,gracia48@example.com,Cliente,
2000000000491,Vicenta Rivera,meleromarco@example.org,Cliente,
2000000000492,Rosario Rubio Jimenez,heriberto20@example.org,Cliente,
2000000000493,Modesta del Simó,xcid@example.com,Cliente,
2000000000494,Javier Azcona,adan81@example.com,Cliente,
2000000000495,Sandra Morales-Aranda,isidoro74@example.org,Cliente,
2000000000496,Salvador Sanz,nsalgado@example.org,Cliente,
2000000000497,Cipriano Roura Casanova,cerrorosalia@example.org,Cliente,
2000000000498,Leonor Carolina Alcaraz Córdoba,rginer@example.net,Cliente,
2000000000499,Salvador Curro Cuenca Coello,ascensioncabrero@example.com,Cliente,
2000000000500,Cosme Bravo Ayuso,qgoicoechea@example.com,Cliente,
2000000000501,Noelia Rodriguez Cortina,canellasariel@example.org,Cliente,
2000000000502,Emilia Guerrero Montalbán,martinjorda@example.com,Cliente,
2000000000503,Sol de Cornejo,rosendoaparicio@example.com,Cliente,
2000000000504,Calixta Manuel Godoy,figuerolaabril@example.org,Cliente,
2000000000505,Ildefonso Mínguez Querol,ariaspatricia@example.com,Cliente,
2000000000506,Nando Galvez Zamora,mansoamelia@example.com,Cliente,
2000000000507,Remigio Valderrama Buendía,amadalosada@example.com,Cliente,
2000000000508,Marisela Luz Borrego Fortuny,adoracionlinares@example.org,Cliente,
2000000000509,Ángela Marín-Antúnez,abellaomar@example.org,Cliente,
2000000000510,Nando Marín Ayllón,nazarioordonez@example.com,Cliente,
2000000000511,Delia Mur Pascual,damianmarti@example.org,Cliente,
2000000000512,Jenny de Carbajo,dulcepozuelo@example.com,Cliente,
2000000000513,Ale Ariño Vilanova,reyflor@example.net,Cliente,
2000000000514,Hipólito Osorio Benito,luisa25@example.org,Cliente,
2000000000515,Fito Adadia Tenorio,eustaquio41@example.org,Cliente,
2000000000516,Bautista de Valderrama,blanca81@example.com,Cliente,
2000000000517,Delfina Céspedes Arnal,quique34@example.com,Cliente,
2000000000518,Clara de Heredia,taniabustamante@example.org,Cliente,
2000000000519,Amando Torres Galvez,chuchodonoso@example.org,Cliente,
2000000000520,Albino Rodrigo-Pozuelo,manzanaresclotilde@example.org,Cliente,
2000000000521,Natanael Gelabert Guillén,dulcevilalta@example.net,Cliente,
2000000000522,Segismundo Hoyos Beltran,climaco03@example.net,Cliente,
2000000000523,Saturnino Mateos Nogués,serranodora@example.org,Cliente,
2000000000524,Federico Requena Ramírez,borjamodesta@example.org,Cliente,
2000000000525,Quique Vidal Diego,nayaraocana@example.org,Cliente,
2000000000526,Conrado Gimenez,leandra10@example.com,Cliente,
2000000000527,Jose Ramón Zaragoza Murcia,barrosheliodoro@example.net,Cliente,
2000000000528,Teo Pavón Reina,olmedodafne@example.org,Cliente,
2000000000529,Nerea Valderrama Cepeda,patricia40@example.net,Cliente,
2000000000530,Serafina Cózar Rozas,tvilalta@example.net,Cliente,
2000000000531,Luisina Carmona-Bayo,maricela33@example.org,Cliente,
2000000000532,Jesusa Guzmán-Ugarte,pougracia@example.com,Cliente,
2000000000533,Sara Pinilla Ramis,graciafortunata@example.net,Cliente,
2000000000534,Narcisa Roldan Mayol,masamaya@example.net,Cliente,
2000000000535,Bartolomé Talavera Riquelme,dmari@example.org,Cliente,
2000000000536,Magdalena García Blanco,rufino79@example.org,Cliente,
2000000000537,Florencio Arsenio Linares Exposito,qramon@example.net,Cliente,
2000000000538,Benito de Arnaiz,yespinosa@example.com,Cliente,
2000000000539,Bárbara Pareja Diego,pascualprado@example.com,Cliente,
2000000000540,Esther Velázquez Fajardo,rosendoaguila@example.org,Cliente,
2000000000541,Teodosio Echevarría Calleja,walteriglesia@example.net,Cliente,
2000000000542,Nicolasa Cabrero Vilaplana,wcepeda@example.com,Cliente,
2000000000543,Angelita Vilar Muñoz,slarrea@example.com,Cliente,
2000000000544,Natalio Pedro Peña Yuste,valentinana@example.com,Cliente,
2000000000545,Ambrosio Carrera Pi,wmerino@example.net,Cliente,
2000000000546,Pánfilo Segarra Arana,almudena20@example.com,Cliente,
2000000000547,Ciríaco Verdejo Artigas,vduran@example.net,Cliente,
2000000000548,Mauricio Herranz-Manuel,riverocarlota@example.com,Cliente,
2000000000549,Samuel Pintor Ureña,jessica45@example.org,Cliente,
2000000000550,Leocadia Asensio-Olivera,herbertovillalobos@example.org,Cliente,
2000000000551,Fabio Viñas Donaire,vilma09@example.com,Cliente,
2000000000552,Renata Palomino Exposito,martin73@example.net,Cliente,
2000000000553,Áurea Ríos Quintana,juanporfirio@example.com,Cliente,
2000000000554,Gabriela Sureda Lasa,friasangeles@example.net,Cliente,
2000000000555,Leyre Real Cuesta,arsenio24@example.net,Cliente,
2000000000556,Nadia Requena Benito,ruben56@example.net,Cliente,
2000000000557,Teodoro Maxi Carrión Jover,calbero@example.net,Cliente,
2000000000558,Encarnación Otero-Palomares,jose-francisco18@example.org,Cliente,
2000000000559,Nidia Saturnina Rey Cantero,fito21@example.com,Cliente,
2000000000560,Sol Noguera Páez,zvalero@example.com,Cliente,
2000000000561,Teresa Estevez Clemente,imalo@example.org,Cliente,
2000000000562,Nilda Batalla Reyes,vallesabraham@example.net,Cliente,
2000000000563,Luis del Quintanilla,consuelallanos@example.net,Cliente,
2000000000564,Carlos Girón Gómez,lumbrerastrini@example.org,Cliente,
2000000000565,Valeria Madrigal Castro,tllopis@example.org,Cliente,
2000000000566,María Del Carmen Sara Verdú Llano,veragoicoechea@example.com,Cliente,
2000000000567,Geraldo Bermúdez Palomares,villarcalixto@example.org,Cliente,
2000000000568,Concha Acevedo Seco,victorianollopis@example.net,Cliente,
2000000000569,Jacinto Antúnez Ariño,ecano@example.org,Cliente,
2000000000570,Maxi Francisco Muro Grau,cayetanagallardo@example.com,Cliente,
2000000000571,Lupe Anglada-Gisbert,ambrosiovargas@example.com,Cliente,
2000000000572,Florentina Barroso Llanos,capdevilasalomon@example.com,Cliente,
2000000000573,Marita Rebollo,griseldaballesteros@example.com,Cliente,
2000000000574,Eulalia del Bellido,bcanellas@example.com,Cliente,
2000000000575,Jenny Celestina Noguera Falcó,quintanafito@example.com,Cliente,
2000000000576,Antonio Villalonga,rodenasmayte@example.org,Cliente,
2000000000577,Rolando Lara,charomarti@example.net,Cliente,
2000000000578,Édgar Alcázar Barros,hernan60@example.net,Cliente,
2000000000579,Dulce del Céspedes,pedro41@example.org,Cliente,
2000000000580,Onofre Padilla Robledo,sanzmaria-teresa@example.org,Cliente,
2000000000581,Ascensión Correa Pascual,ftorre@example.com,Cliente,
2000000000582,Juanita Castellanos Camps,apolonia63@example.com,Cliente,
2000000000583,Nando Almazán-Ferrando,ofelia86@example.net,Cliente,
2000000000584,Candelaria Rueda Cañete,albertcantero@example.org,Cliente,
2000000000585,Luisina Pinilla-Amorós,boixabigail@example.org,Cliente,
2000000000586,Victor Belda,nilo98@example.com,Cliente,
2000000000587,Rebeca Fuster Aguilera,hernandopacheco@example.com,Cliente,
2000000000588,Augusto Cases Folch,ksastre@example.net,Cliente,
2000000000589,Pía Bauzà Balaguer,zdominguez@example.net,Cliente,
2000000000590,Plinio del Suarez,diegovalenciano@example.net,Cliente,
2000000000591,Ana Belén Gómez Granados,pozaclarisa@example.net,Cliente,
2000000000592,Maximiliano de Herrera,folchnidia@example.org,Cliente,
2000000000593,Joan Atienza Quesada,isidoroarregui@example.net,Cliente,
2000000000594,Ágata Riba-Jódar,corraladelina@example.org,Cliente,
2000000000595,Prudencia Calleja Bárcena,ericangel@example.org,Cliente,
2000000000596,Loida Etelvina Camacho Viana,eabril@example.org,Cliente,
2000000000597,Miriam de Valverde,ballestergisela@example.net,Cliente,
2000000000598,Ema Jesusa Puente Aguilera,amadoexposito@example.net,Cliente,
2000000000599,Claudia Carvajal Galan,ncano@example.org,Cliente,
2000000000600,Loreto del Burgos,haroremedios@example.org,Cliente,
2000000000601,Gerónimo Lledó Mate,maria-belen42@example.com,Cliente,
2000000000602,Maricruz Eva María Fernandez Aguilar,benavidesarmando@example.org,Cliente,
2000000000603,Clotilde Loreto Pol Sarmiento,wgalvez@example.net,Cliente,
2000000000604,Yago Almeida Barral,cepedaremedios@example.com,Cliente,
2000000000605,Cipriano Marcos Sala,lara24@example.com,Cliente,
2000000000606,Albina Morata Piña,camaravenceslas@example.org,Cliente,
2000000000607,Rafaela Moreno Lledó,albertrevilla@example.net,Cliente,
2000000000608,Francisco Gual Palacios,abel35@example.org,Cliente,
2000000000609,Candelaria de Aranda,teodoro55@example.org,Cliente,
2000000000610,Azucena del Cuevas,bernardabaeza@example.net,Cliente,
2000000000611,Delfina del Villena,garayisaias@example.com,Cliente,
2000000000612,Pepe Juan Rosado,egeaemiliana@example.com,Cliente,
2000000000613,Noelia Carina Luís Portillo,nestorjimenez@example.org,Cliente,
2000000000614,Onofre Gallart Jover,gabrielabanos@example.net,Cliente,
2000000000615,Ovidio Posada Mateu,bartolomeluna@example.org,Cliente,
2000000000616,Adoración de Pardo,cisneroscecilia@example.org,Cliente,
2000000000617,Miriam Vicens Llanos,genriquez@example.com,Cliente,
2000000000618,Hector Hernando Duran Salgado,sernaoctavio@example.com,Cliente,
2000000000619,Albino Pons,custodiogallardo@example.com,Cliente,
2000000000620,Eligia Agustín Falcón,borrasfausto@example.net,Cliente,
2000000000621,Esperanza Jódar-Escribano,coboalicia@example.org,Cliente,
2000000000622,Gregorio Izquierdo Borrell,bernabebaron@example.com,Cliente,
2000000000623,Eloy Castillo Padilla,candela22@example.com,Cliente,
2000000000624,Gil Pazos-Delgado,hurtadovirginia@example.org,Cliente,
2000000000625,Ricardo Goyo Andrés Goicoechea,sorayagilabert@example.com,Cliente,
2000000000626,Dalila Suarez Jódar,ayusoconrado@example.net,Cliente,
2000000000627,Socorro Peiró Guitart,amor77@example.com,Cliente,
2000000000628,Bartolomé Segura Téllez,quirogadesiderio@example.com,Cliente,
2000000000629,Ámbar Durán Gual,dsacristan@example.org,Cliente,
2000000000630,Anastasio Larrañaga,vicente73@example.com,Cliente,
2000000000631,Amparo de Vergara,alondragarzon@example.net,Cliente,
2000000000632,Tomasa Áurea Peñalver Canet,rosalesbeatriz@example.org,Cliente,
2000000000633,Juan Carlos de Vicens,iban11@example.com,Cliente,
2000000000634,Joaquín Serna-Catalá,santamariaevangelina@example.com,Cliente,
2000000000635,Cristian Lozano Paniagua,carreterojuliana@example.com,Cliente,
2000000000636,Domitila Escolano Vergara,villavanesa@example.org,Cliente,
2000000000637,Noelia Antón Guillén,pchaparro@example.com,Cliente,
2000000000638,Guillermo Montserrat Arnaiz,gala23@example.org,Cliente,
2000000000639,Jesusa Xiomara Bilbao Sancho,remediosaraujo@example.com,Cliente,
2000000000640,Berta Feliu Mayo,dalila31@example.com,Cliente,
2000000000641,Norberto Dalmau Alberola,alondra31@example.com,Cliente,
2000000000642,Lina Téllez Garay,guadalupesosa@example.org,Cliente,
2000000000643,Ruben Javier Lillo Gonzalo,amilcar62@example.com,Cliente,
2000000000644,Nayara Alvarado Pereira,jorgeabad@example.org,Cliente,
2000000000645,Ruperta Dora Santos Taboada,qcervantes@example.org,Cliente,
2000000000646,Azeneth del Rico,visitacioncerro@example.net,Cliente,
2000000000647,Luis Ángel Montesinos Barberá,joaquinrocamora@example.org,Cliente,
2000000000648,Luís Santamaria Rebollo,susanita93@example.org,Cliente,
2000000000649,Pelayo Raya-Bustamante,ruanoyaiza@example.org,Cliente,
2000000000650,Vito Manjón Bejarano,marisa22@example.com,Cliente,
2000000000651,Juan Manuel Peñas Marín,salmeronjose-francisco@example.com,Cliente,
2000000000652,Maristela Peiró,tristanbenitez@example.net,Cliente,
2000000000653,Lucho Piña-Escudero,fernanda36@example.com,Cliente,
2000000000654,Domitila Beltrán,suareziban@example.net,Cliente,
2000000000655,Rosalía Agustí Salgado,rnieto@example.net,Cliente,
2000000000656,Joan Morata Guerrero,nborrell@example.net,Cliente,
2000000000657,Gracia Cañete Guerrero,macaria56@example.net,Cliente,
2000000000658,Raquel Patiño Castell,felicidadgarrido@example.com,Cliente,
2000000000659,Alejandro Viana Cerdán,privero@example.org,Cliente,
2000000000660,Marisela Santos Márquez,onofre65@example.org,Cliente,
2000000000661,Nydia Alemán Cuevas,hpelayo@example.net,Cliente,
2000000000662,Silvestre Leonardo Frías Ibarra,rafaelmascaro@example.net,Cliente,
2000000000663,Ceferino Barón-Sanz,fiolteofila@example.org,Cliente,
2000000000664,Luna Haydée Lladó Andres,acunapilar@example.org,Cliente,
2000000000665,Pablo Ibarra Acosta,jeremiasdiaz@example.com,Cliente,
2000000000666,Agapito de Carbonell,borregoheliodoro@example.org,Cliente,
2000000000667,Eva María Beltrán Yuste,miguel46@example.net,Cliente,
2000000000668,Trinidad Jordán Mínguez,blanesjuan-luis@example.org,Cliente,
2000000000669,Artemio Barroso-Badía,eleuterio55@example.net,Cliente,
2000000000670,Bibiana Fabra Azcona,primitivarocamora@example.com,Cliente,
2000000000671,Plinio Adán Grande Merino,suredaciriaco@example.org,Cliente,
2000000000672,Bárbara Feijoo-Santamaria,nguardia@example.org,Cliente,
2000000000673,Marcia Rozas Chacón,fernandezdafne@example.org,Cliente,
2000000000674,Sosimo Sebastián Hernando,angelica68@example.net,Cliente,
2000000000675,Paloma Barberá Anguita,lourdesalvarez@example.org,Cliente,
2000000000676,Ema Galán,lfernandez@example.org,Cliente,
2000000000677,Natanael Vinicio Julián Castro,bernabegonzalo@example.com,Cliente,
2000000000678,Sarita Menendez Puente,azeneth40@example.net,Cliente,
2000000000679,Anunciación Marin Avilés,aroa32@example.org,Cliente,
2000000000680,Jerónimo de Figueroa,dimas88@example.com,Cliente,
2000000000681,Lucía Mercader Benavides,becerraestrella@example.com,Cliente,
2000000000682,Julie Batlle Iriarte,viniciomonreal@example.com,Cliente,
2000000000683,Regina Peral Salvador,esperanza01@example.com,Cliente,
2000000000684,Melchor Lopez Cañas,castellobernardino@example.com,Cliente,
2000000000685,Alexandra Emperatriz Bayona Niño,fvizcaino@example.org,Cliente,
2000000000686,Octavia Burgos Azcona,maestrevirginia@example.net,Cliente,
2000000000687,Juan Manuel Campillo Bejarano,fernando89@example.com,Cliente,
2000000000688,Dimas Durán Pombo,xneira@example.org,Cliente,
2000000000689,Jenaro de Bravo,manu67@example.org,Cliente,
2000000000690,Marciano Malo Sola,ufranch@example.org,Cliente,
2000000000691,Zacarías Tudela,vilaltanilo@example.org,Cliente,
2000000000692,Edu Vilalta Somoza,ritamontesinos@example.com,Cliente,
2000000000693,Pánfilo Noguera Expósito,abarbero@example.org,Cliente,
2000000000694,Fabiola Alarcón-Izquierdo,arcosnacho@example.org,Cliente,
2000000000695,Salud Larrañaga Paz,reinaldo95@example.com,Cliente,
2000000000696,Elodia Canet Gordillo,regueramaristela@example.net,Cliente,
2000000000697,Priscila Hidalgo-Azorin,mariselacontreras@example.com,Cliente,
2000000000698,José Antonio Moreno-Pintor,imelero@example.org,Cliente,
2000000000699,Oriana del Ballesteros,teresita25@example.org,Cliente,
2000000000700,Montserrat de Sarmiento,adoracion73@example.net,Cliente,
2000000000701,Fernanda Ibañez Baró,carrasconacho@example.org,Cliente,
2000000000702,Danilo Pelayo Bejarano,valencianomanu@example.org,Cliente,
2000000000703,Tito Sevilla,zmerino@example.com,Cliente,
2000000000704,Esmeralda Sosa Montalbán,macarena45@example.net,Cliente,
2000000000705,Marcelo Villegas Bayona,asalmeron@example.org,Cliente,
2000000000706,Cristóbal de Pareja,aurea19@example.org,Cliente,
2000000000707,Marta Rosell Alvarez,timoteobru@example.org,Cliente,
2000000000708,Ema Villalba,cosme39@example.org,Cliente,
2000000000709,Gervasio del Cruz,abenitez@example.org,Cliente,
2000000000710,Encarna Mulet Villalba,amparovall@example.org,Cliente,
2000000000711,Marciano Pineda Córdoba,alecarbajo@example.net,Cliente,
2000000000712,Amelia Baquero Galan,vallesrenata@example.net,Cliente,
2000000000713,José Mari Sevillano,charogarcia@example.org,Cliente,
2000000000714,Maximiano Ríos Anglada,mcerezo@example.net,Cliente,
2000000000715,Marciano Llorente-Guillen,ggascon@example.net,Cliente,
2000000000716,Amelia Bru Adán,vanesa23@example.net,Cliente,
2000000000717,David Villanueva-Echevarría,elisadiez@example.org,Cliente,
2000000000718,Palmira Canals-Sevilla,leandrorodriguez@example.net,Cliente,
2000000000719,Jose Ignacio Abellán Salas,banostomasa@example.net,Cliente,
2000000000720,Bibiana Montero Seguí,felicianagascon@example.net,Cliente,
2000000000721,Guadalupe Higueras Flor,felixredondo@example.com,Cliente,
2000000000722,Isa Encarnacion Menendez Cáceres,victor-manuelblazquez@example.org,Cliente,
2000000000723,Macario Moles,vargasmanu@example.org,Cliente,
2000000000724,Julia Sabater Torre,elluch@example.net,Cliente,
2000000000725,Jonatan Verdú,angelitadominguez@example.org,Cliente,
2000000000726,Gabriel Pla Baños,wcabrera@example.net,Cliente,
2000000000727,Eva María Ortiz Pou,adelaagudo@example.org,Cliente,
2000000000728,Felicidad Verdú Querol,kmarti@example.net,Cliente,
2000000000729,Olegario Codina Paz,lmorera@example.net,Cliente,
2000000000730,Francisco de Quevedo,luchocarlos@example.org,Cliente,
2000000000731,Mario Moraleda Tena,rvalcarcel@example.com,Cliente,
2000000000732,Visitación Aller,carmela85@example.net,Cliente,
2000000000733,Azahar Méndez Iñiguez,bjulia@example.com,Cliente,
2000000000734,Anabel Parejo Albero,tatiana54@example.com,Cliente,
2000000000735,Onofre Pi Almeida,ferrandohugo@example.org,Cliente,
2000000000736,Candelario Merino Goñi,baudeliorueda@example.com,Cliente,
2000000000737,Quique Campo Cobo,comastono@example.org,Cliente,
2000000000738,Reinaldo Valdés Polo,obuendia@example.net,Cliente,
2000000000739,Marc Cases Mata,blascobasilio@example.org,Cliente,
2000000000740,Alejo Almeida Mosquera,danielsierra@example.org,Cliente,
2000000000741,Cipriano Figueroa Palma,ponciocarrillo@example.com,Cliente,
2000000000742,Genoveva Rebollo Isern,eguerrero@example.org,Cliente,
2000000000743,Celestino Escolano Cornejo,eugenia07@example.net,Cliente,
2000000000744,Nieves Yolanda Aragonés Sabater,sanmiguelvalentin@example.org,Cliente,
2000000000745,Melisa Evangelina Priego Vidal,rosalinaasensio@example.net,Cliente,
2000000000746,Bibiana Valdés,javierapla@example.org,Cliente,
2000000000747,Josué Villa Adán,severino39@example.com,Cliente,
2000000000748,Eva Tena Cuéllar,teresa63@example.com,Cliente,
2000000000749,Ruy Acosta,maximino84@example.net,Cliente,
2000000000750,Candela Torres Llopis,tellezpatricia@example.org,Cliente,
2000000000751,Iker Blanch Ribas,delia86@example.net,Cliente,
2000000000752,Armando Cañellas Calderon,hlloret@example.net,Cliente,
2000000000753,Isaura Jerez Bertrán,gpedrosa@example.org,Cliente,
2000000000754,Silvia Martínez Garmendia,jordaleopoldo@example.com,Cliente,
2000000000755,Édgar Verdejo,dlobato@example.net,Cliente,
2000000000756,Gracia Suárez Carrasco,cocaobdulia@example.net,Cliente,
2000000000757,Amando Marcial Castro Ortiz,qibanez@example.net,Cliente,
2000000000758,Iván Tejedor Amigó,bilbaorenata@example.org,Cliente,
2000000000759,Jesús Somoza,mansoolegario@example.net,Cliente,
2000000000760,Borja Carretero Estevez,nicodemo22@example.org,Cliente,
2000000000761,Tecla Goicoechea Ibáñez,ximena03@example.org,Cliente,
2000000000762,Encarna Regina Barroso Piñol,ggaray@example.com,Cliente,
2000000000763,Rosenda Milla Barrena,pguerra@example.com,Cliente,
2000000000764,Sandra Ferrández Jove,azaharcarretero@example.net,Cliente,
2000000000765,Graciela Diez Cerro,fsoria@example.com,Cliente,
2000000000766,Flor Cabeza-Valencia,fermin51@example.com,Cliente,
2000000000767,Aurelia Checa Valenzuela,natalio69@example.net,Cliente,
2000000000768,Faustino Andrade Moll,alvarocasals@example.com,Cliente,
2000000000769,Mayte Peiró Pareja,ifiguerola@example.net,Cliente,
2000000000770,Geraldo Fabra Falcón,lazaro39@example.org,Cliente,
2000000000771,Adelina Gallego Belda,aranzazuvera@example.net,Cliente,
2000000000772,Renato Gálvez Cano,angeles13@example.net,Cliente,
2000000000773,Oriana Abellán-Larrea,roldanchucho@example.com,Cliente,
2000000000774,Visitación Agullo Villalba,tolmo@example.net,Cliente,
2000000000775,Sara de Alberto,gastongomez@example.org,Cliente,
2000000000776,Benjamín Lastra,imelda66@example.net,Cliente,
2000000000777,Anastasio Rodriguez Cano,aroa26@example.com,Cliente,
2000000000778,Albert Ballester Roma,xcuevas@example.net,Cliente,
2000000000779,Mamen Cañellas Palomar,jose-mari82@example.org,Cliente,
2000000000780,Carlos Company Cano,cuestamartin@example.net,Cliente,
2000000000781,Maricela Báez-Valderrama,isierra@example.org,Cliente,
2000000000782,Desiderio Rocamora Checa,angelaadan@example.org,Cliente,
2000000000783,Dalila Bru Tejada,vroman@example.com,Cliente,
2000000000784,Dan Avilés Santamaria,aguedaarellano@example.net,Cliente,
2000000000785,Conrado Baños Juan,marmolmarisela@example.org,Cliente,
2000000000786,Mirta Bermúdez Roda,candelario87@example.org,Cliente,
2000000000787,Chema Mayoral Rosales,virginia18@example.com,Cliente,
2000000000788,Lázaro Arroyo Valenciano,crespiolivia@example.net,Cliente,
2000000000789,Erasmo Vendrell Ariño,asdrubal18@example.net,Cliente,
2000000000790,José Mari Quiroga,jenarogallego@example.com,Cliente,
2000000000791,Natalio Santiago-Bravo,vanesasolera@example.org,Cliente,
2000000000792,Natalio del Cabrero,saturninobonilla@example.net,Cliente,
2000000000793,Germán Florencio Hurtado Larrea,ivan06@example.com,Cliente,
2000000000794,Anastasia Cortés Blazquez,barberacandelaria@example.org,Cliente,
2000000000795,Édgar Cabo-Piñeiro,misern@example.org,Cliente,
2000000000796,Marcela Samper Manzanares,saenzedmundo@example.org,Cliente,
2000000000797,Jose Antonio Ruiz Castejón,estebancristina@example.net,Cliente,
2000000000798,Ruperto Benavides Carbajo,jose03@example.net,Cliente,
2000000000799,Félix Donaire-Pedraza,klluch@example.com,Cliente,
2000000000800,Carmina Acevedo Catalán,rosarosaura@example.org,Cliente,
2000000000801,Narciso Juliá Caro,pintorcirino@example.net,Cliente,
2000000000802,Abel de Arnal,cesar49@example.com,Cliente,
2000000000803,Teresa del Ferrándiz,aurelia37@example.net,Cliente,
2000000000804,Begoña Pereira Pacheco,estefanialobato@example.net,Cliente,
2000000000805,Belen Vara,riquelmetito@example.net,Cliente,
2000000000806,Catalina Amada Marcos Llorens,salmeronmercedes@example.com,Cliente,
2000000000807,Juanita Ibarra,smanrique@example.com,Cliente,
2000000000808,Sebastián Jerez Tolosa,lupe37@example.com,Cliente,
2000000000809,Javi Geraldo Boix Palomo,paolaguillen@example.com,Cliente,
2000000000810,Maximino Pazos-Alegria,carlota05@example.com,Cliente,
2000000000811,Alejandra Ruiz Zamorano,nilda35@example.com,Cliente,
2000000000812,Asunción Estevez Torrent,peiroharoldo@example.com,Cliente,
2000000000813,Amada Castro Nicolau,ssaavedra@example.com,Cliente,
2000000000814,Faustino Correa Español,pastorlucas@example.org,Cliente,
2000000000815,Fito de Duran,roldanteobaldo@example.org,Cliente,
2000000000816,Rolando Perera Verdú,cantonvanesa@example.com,Cliente,
2000000000817,Lina Puga Jara,pourosario@example.org,Cliente,
2000000000818,Ricarda Alba Peral,montesinosnazaret@example.org,Cliente,
2000000000819,Mateo Fabra Gabaldón,guardiolalazaro@example.org,Cliente,
2000000000820,Paulino Hernandez,adrianamontserrat@example.org,Cliente,
2000000000821,Lucho Morell Villalobos,vianaedgar@example.org,Cliente,
2000000000822,Curro del Merino,aparejo@example.org,Cliente,
2000000000823,Fito Pulido Hernandez,vhervia@example.net,Cliente,
2000000000824,Gonzalo de Vizcaíno,julio-cesar77@example.com,Cliente,
2000000000825,Amando Pinto Sevilla,elenadiez@example.net,Cliente,
2000000000826,Maite Ponce Cuesta,juanmarta@example.net,Cliente,
2000000000827,Valeria Bou Mercader,sgarcia@example.org,Cliente,
2000000000828,Arturo Bou Espejo,adalberto66@example.net,Cliente,
2000000000829,Ema Oliveras Villalobos,leyre21@example.net,Cliente,
2000000000830,Leire Carbonell,luis-angel83@example.org,Cliente,
2000000000831,Felisa Narváez Lledó,maria19@example.net,Cliente,
2000000000832,Soledad Carbó Paz,emigdio51@example.com,Cliente,
2000000000833,Horacio Alsina Paniagua,samuacevedo@example.org,Cliente,
2000000000834,Nazaret Salom,santiago43@example.org,Cliente,
2000000000835,Caridad Perera Barragán,penasisidoro@example.com,Cliente,
2000000000836,Nereida Arnal Valdés,ifigueroa@example.org,Cliente,
2000000000837,Mohamed Díaz Estrada,obdulia82@example.net,Cliente,
2000000000838,Regina Carlota Vergara Miralles,carmelita82@example.net,Cliente,
2000000000839,Paula Cantero Cañizares,martin43@example.net,Cliente,
2000000000840,Rocío Reyna Girón Salas,claudia25@example.com,Cliente,
2000000000841,Malena Córdoba Barranco,berrocalemma@example.net,Cliente,
2000000000842,Manu Vigil Coloma,noelia12@example.net,Cliente,
2000000000843,Adán Gras Sacristán,santiagoberta@example.org,Cliente,
2000000000844,Cosme Miralles Nevado,catalanicodemo@example.com,Cliente,
2000000000845,Wálter Bello Alsina,ayusofeliciano@example.net,Cliente,
2000000000846,Nico Emilio Mas Bonet,valeriolucas@example.net,Cliente,
2000000000847,Santiago Barral Macías,mariobravo@example.net,Cliente,
2000000000848,Julie de Piña,ypenas@example.com,Cliente,
2000000000849,Damián Lucas,marcela83@example.org,Cliente,
2000000000850,Hector Alonso Goicoechea Bustamante,valeriopedrosa@example.com,Cliente,
2000000000851,Febe Vallejo,namor@example.net,Cliente,
2000000000852,Gracia Gallego Cuesta,anabel62@example.net,Cliente,
2000000000853,Ibán Espinosa Suarez,miriamfiguerola@example.net,Cliente,
2000000000854,Gabriel de Laguna,pablo17@example.com,Cliente,
2000000000855,Martina Gelabert Moles,zabellan@example.com,Cliente,
2000000000856,Régulo Cervera-Casares,luisbustos@example.net,Cliente,
2000000000857,Sabina Solera Rueda,gfajardo@example.org,Cliente,
2000000000858,Carmela Vergara Company,ismael66@example.com,Cliente,
2000000000859,Aureliano España Falcón,aitanaferrando@example.com,Cliente,
2000000000860,Julieta Cabezas,floresvicente@example.org,Cliente,
2000000000861,Aroa Rozas-Gelabert,eva-maria93@example.net,Cliente,
2000000000862,Moisés Oliver Peral,tenanoemi@example.org,Cliente,
2000000000863,Onofre Melero Corral,carmelita10@example.net,Cliente,
2000000000864,Conrado Hurtado Fuster,jaumejose-antonio@example.org,Cliente,
2000000000865,Jose Ignacio Esparza-Ibáñez,marinyessica@example.com,Cliente,
2000000000866,Gilberto de Reyes,godoyrosario@example.org,Cliente,
2000000000867,Fidel Campoy Santamaria,oalvarado@example.org,Cliente,
2000000000868,Alicia Millán Pont,opoza@example.com,Cliente,
2000000000869,Angelina Vigil Saez,rtamarit@example.org,Cliente,
2000000000870,Yolanda Ramón Galván,garrigainigo@example.net,Cliente,
2000000000871,León de Bernal,trini60@example.org,Cliente,
2000000000872,Mauricio Torrents-Cruz,adoracioncastro@example.com,Cliente,
2000000000873,Olivia Fuente Clavero,qacedo@example.com,Cliente,
2000000000874,Graciano Sala Morcillo,nicodemobayo@example.org,Cliente,
2000000000875,Nico Bermúdez Madrid,marquezmariano@example.net,Cliente,
2000000000876,Bautista Bravo Bayo,amador52@example.net,Cliente,
2000000000877,Mercedes Vallejo Ribera,carranzaazeneth@example.com,Cliente,
2000000000878,Jose Francisco Iván Piñol Campillo,ygracia@example.org,Cliente,
2000000000879,Julia Pinedo Pozuelo,perlita19@example.org,Cliente,
2000000000880,Dorotea Franco Corral,wporta@example.net,Cliente,
2000000000881,Gerardo Corominas-Vives,teodorocomas@example.com,Cliente,
2000000000882,Benjamín de Rico,aragonencarna@example.com,Cliente,
2000000000883,Xavier Lázaro Sabater Barroso,canalessandalio@example.com,Cliente,
2000000000884,Otilia Aliaga,ipascual@example.com,Cliente,
2000000000885,Adán Amores Corbacho,feliciabertran@example.org,Cliente,
2000000000886,Charo de Cerro,otilia67@example.com,Cliente,
2000000000887,Dalila Milla-Arévalo,realmarcos@example.net,Cliente,
2000000000888,Tomás Caparrós Cabrera,kbaro@example.net,Cliente,
2000000000889,Lázaro Lobato,lmancebo@example.net,Cliente,
2000000000890,Ainara Lucena Sastre,marcelino84@example.net,Cliente,
2000000000891,Anselma Burgos,onino@example.com,Cliente,
2000000000892,Federico Verdugo Vara,loida45@example.org,Cliente,
2000000000893,Zaira Vilalta Llanos,tonosola@example.com,Cliente,
2000000000894,Rosario Clara Cepeda Castellanos,bernadjose-angel@example.net,Cliente,
2000000000895,Geraldo Jove Ferrera,lsevillano@example.net,Cliente,
2000000000896,Eutimio Calvet Espinosa,ralvaro@example.com,Cliente,
2000000000897,Victorino Feijoo Pou,mrodriguez@example.com,Cliente,
2000000000898,Perla del Quevedo,zvillalba@example.org,Cliente,
2000000000899,Bibiana Vila Nebot,farco@example.org,Cliente,
2000000000900,Pepito Duque Palomares,tecla77@example.com,Cliente,
